               epoch,      train/box_loss,      train/obj_loss,      train/cls_loss,   metrics/precision,      metrics/recall,     metrics/mAP_0.5,metrics/mAP_0.5:0.95,        val/box_loss,        val/obj_loss,        val/cls_loss,               x/lr0,               x/lr1,               x/lr2
                   0,              0.0797,            0.032041,            0.059481,           0.0035397,                0.95,            0.043485,            0.016675,            0.033552,            0.017956,            0.046436,               0.073,               0.003,               0.003
                   1,            0.053883,            0.027663,            0.057901,            0.029302,             0.96667,             0.13827,            0.060412,            0.030988,            0.011145,            0.043776,             0.04508,           0.0060799,           0.0060799
                   2,            0.052302,            0.021821,              0.0542,           0.0034518,                   1,            0.033432,            0.013073,              0.0422,           0.0071405,            0.042023,            0.017139,           0.0091393,           0.0091393
                   3,            0.048478,            0.018619,            0.054163,             0.21005,             0.35989,             0.24674,             0.09731,            0.036789,           0.0053145,             0.04113,            0.009901,            0.009901,            0.009901
                   4,            0.045633,            0.015917,            0.052889,             0.18421,              0.4769,             0.28085,             0.13015,            0.034958,           0.0045348,            0.039908,            0.009901,            0.009901,            0.009901
                   5,            0.045159,            0.013976,            0.053519,             0.41407,             0.42176,             0.32524,             0.20458,            0.030036,           0.0041522,            0.038635,            0.009868,            0.009868,            0.009868
                   6,            0.044969,            0.012707,            0.052044,             0.30387,             0.48193,             0.33325,             0.11134,            0.036645,           0.0038961,            0.038303,            0.009835,            0.009835,            0.009835
                   7,            0.042595,            0.013335,            0.054224,              0.2331,             0.67971,             0.34679,             0.16902,             0.02834,           0.0043628,             0.03758,            0.009802,            0.009802,            0.009802
                   8,            0.040349,            0.011452,            0.049859,             0.14648,             0.65252,             0.35521,             0.20155,            0.029825,           0.0032747,            0.036932,            0.009769,            0.009769,            0.009769
                   9,            0.040695,           0.0097622,            0.046862,             0.46077,             0.45574,             0.41846,             0.27963,             0.02347,           0.0036302,            0.035918,            0.009736,            0.009736,            0.009736
                  10,             0.03766,             0.01063,             0.04683,             0.32226,             0.51667,             0.34729,             0.18149,            0.031381,           0.0035615,             0.03528,            0.009703,            0.009703,            0.009703
                  11,            0.035175,            0.010218,            0.044949,             0.33368,             0.61688,             0.46329,             0.27581,            0.022176,           0.0034418,            0.034893,             0.00967,             0.00967,             0.00967
                  12,            0.038945,           0.0094719,            0.048519,             0.27373,             0.71556,             0.47478,              0.2675,            0.022708,           0.0034158,            0.034227,            0.009637,            0.009637,            0.009637
                  13,            0.035155,            0.009584,            0.042389,             0.41699,             0.74905,             0.58001,             0.31442,            0.025087,           0.0034213,            0.033366,            0.009604,            0.009604,            0.009604
                  14,             0.03419,           0.0091915,            0.044796,             0.53619,             0.51773,             0.57993,             0.40049,            0.019264,           0.0033344,            0.032311,            0.009571,            0.009571,            0.009571
                  15,            0.035665,            0.010959,            0.045921,              0.4964,             0.58218,             0.59599,             0.34018,             0.02145,           0.0033327,             0.03249,            0.009538,            0.009538,            0.009538
                  16,            0.033186,           0.0095032,            0.043809,             0.50636,             0.65385,             0.66335,             0.33886,            0.021936,           0.0033038,            0.030311,            0.009505,            0.009505,            0.009505
                  17,            0.031176,           0.0088932,            0.042074,             0.56934,             0.63142,             0.64235,              0.4287,             0.01882,           0.0032524,            0.029201,            0.009472,            0.009472,            0.009472
                  18,            0.033339,           0.0091581,            0.041141,             0.38165,             0.70239,             0.61863,             0.39928,            0.018173,            0.003203,            0.030627,            0.009439,            0.009439,            0.009439
                  19,            0.029475,           0.0086971,            0.037812,              0.4431,             0.79418,             0.67104,               0.414,             0.01896,           0.0033417,             0.02648,            0.009406,            0.009406,            0.009406
                  20,            0.030661,           0.0092791,            0.042167,             0.50208,             0.75631,             0.73068,             0.49795,            0.018058,           0.0034374,            0.025753,            0.009373,            0.009373,            0.009373
                  21,            0.030863,             0.00914,            0.040605,             0.46721,             0.72307,             0.71395,             0.47288,            0.019177,           0.0032228,            0.024884,             0.00934,             0.00934,             0.00934
                  22,            0.030908,           0.0089557,            0.036508,             0.44929,             0.85308,             0.74517,             0.48598,             0.01779,           0.0032756,            0.024313,            0.009307,            0.009307,            0.009307
                  23,            0.033472,           0.0088421,            0.036376,              0.4761,             0.82057,             0.72848,             0.50991,            0.017403,            0.003201,            0.023669,            0.009274,            0.009274,            0.009274
                  24,            0.030512,           0.0096561,            0.035221,             0.60185,             0.84281,             0.75421,             0.53174,            0.017449,           0.0031409,            0.022006,            0.009241,            0.009241,            0.009241
                  25,            0.028666,           0.0087421,            0.034082,             0.55049,             0.83697,              0.7835,             0.51242,             0.01998,           0.0032318,            0.021111,            0.009208,            0.009208,            0.009208
                  26,             0.02926,           0.0088278,            0.032611,             0.59285,             0.85855,             0.79355,             0.51603,            0.019078,           0.0033349,            0.018423,            0.009175,            0.009175,            0.009175
                  27,            0.031552,           0.0093795,            0.035236,             0.45876,             0.86297,             0.77388,             0.51674,            0.019298,           0.0032566,            0.019777,            0.009142,            0.009142,            0.009142
                  28,            0.028945,            0.008064,            0.030745,             0.60232,             0.81021,             0.81563,             0.56863,             0.01859,           0.0031191,            0.016865,            0.009109,            0.009109,            0.009109
                  29,            0.028239,           0.0081271,            0.030003,             0.60827,              0.7732,             0.79007,             0.51198,            0.020921,           0.0032058,             0.01824,            0.009076,            0.009076,            0.009076
                  30,            0.033418,           0.0094014,            0.034156,             0.56917,             0.87579,             0.81289,             0.59467,             0.01542,           0.0031586,            0.016845,            0.009043,            0.009043,            0.009043
                  31,            0.028402,           0.0091826,            0.030376,             0.54896,             0.91684,             0.82832,             0.54963,            0.017621,           0.0031013,            0.015894,             0.00901,             0.00901,             0.00901
                  32,            0.031135,           0.0092566,            0.033316,             0.70823,              0.9188,             0.87667,             0.59825,            0.017304,           0.0030205,            0.013846,            0.008977,            0.008977,            0.008977
                  33,            0.025868,           0.0082415,            0.025166,             0.71745,             0.93835,             0.89272,             0.63249,            0.017798,           0.0029941,            0.013625,            0.008944,            0.008944,            0.008944
                  34,            0.027626,           0.0084793,            0.027147,             0.68888,             0.98049,             0.90706,             0.68855,            0.015634,           0.0029957,            0.011928,            0.008911,            0.008911,            0.008911
                  35,            0.028224,           0.0092863,            0.025208,             0.70922,             0.96044,             0.91852,             0.67148,            0.016731,           0.0030513,            0.011442,            0.008878,            0.008878,            0.008878
                  36,            0.027579,           0.0088931,            0.024202,             0.81079,              0.9453,             0.93424,             0.65902,            0.016683,           0.0030306,            0.010482,            0.008845,            0.008845,            0.008845
                  37,            0.027344,            0.008803,            0.023394,             0.79827,             0.96244,               0.939,             0.70366,            0.014888,           0.0029803,            0.010136,            0.008812,            0.008812,            0.008812
                  38,            0.028236,           0.0083237,            0.027696,             0.75324,             0.91275,             0.89304,             0.62473,            0.017779,           0.0032477,            0.011424,            0.008779,            0.008779,            0.008779
                  39,            0.028434,           0.0095673,            0.023506,             0.66956,             0.89951,              0.8854,             0.60352,            0.018351,           0.0032003,            0.011471,            0.008746,            0.008746,            0.008746
                  40,            0.027269,            0.008672,            0.023789,             0.79338,             0.91533,             0.92269,             0.65848,            0.016221,           0.0031376,           0.0094052,            0.008713,            0.008713,            0.008713
                  41,            0.029476,           0.0090684,             0.02707,             0.77435,             0.93333,             0.92688,             0.66707,            0.015659,           0.0029622,            0.011121,             0.00868,             0.00868,             0.00868
                  42,            0.028395,           0.0089226,             0.02436,             0.73261,             0.91799,              0.9315,             0.60192,            0.021916,           0.0031589,           0.0089341,            0.008647,            0.008647,            0.008647
                  43,            0.027528,           0.0085501,            0.024054,             0.72711,              0.9659,             0.90535,             0.64706,            0.018186,           0.0032325,           0.0098597,            0.008614,            0.008614,            0.008614
                  44,             0.02694,           0.0082509,            0.020049,             0.71649,             0.93885,             0.88372,             0.64246,             0.01551,           0.0031245,            0.010558,            0.008581,            0.008581,            0.008581
                  45,            0.027183,           0.0086968,            0.023451,             0.77074,             0.95787,              0.9136,             0.68381,            0.014384,           0.0030068,            0.010451,            0.008548,            0.008548,            0.008548
                  46,            0.028417,           0.0085155,            0.028946,             0.71524,             0.95069,             0.90679,             0.70379,            0.014796,           0.0030089,            0.011331,            0.008515,            0.008515,            0.008515
                  47,            0.026279,            0.008089,            0.023683,              0.7396,             0.97852,             0.90057,              0.6532,            0.016603,           0.0030023,           0.0091913,            0.008482,            0.008482,            0.008482
                  48,            0.028933,           0.0084907,            0.023845,             0.71945,             0.99654,             0.88966,             0.64746,            0.016435,           0.0030373,            0.007724,            0.008449,            0.008449,            0.008449
                  49,            0.030274,           0.0082918,            0.023914,             0.77697,             0.99916,             0.92987,             0.69374,            0.015891,           0.0030832,           0.0076999,            0.008416,            0.008416,            0.008416
                  50,            0.026455,           0.0083657,            0.025616,             0.78473,             0.94448,             0.91065,             0.65978,            0.015104,            0.003231,           0.0087536,            0.008383,            0.008383,            0.008383
                  51,            0.026323,           0.0084502,            0.023479,             0.76822,             0.94225,             0.91601,             0.69448,            0.017384,           0.0033349,            0.009993,             0.00835,             0.00835,             0.00835
                  52,            0.030476,             0.00925,            0.023219,             0.83596,             0.96537,             0.93059,             0.68478,            0.016903,           0.0030282,           0.0089888,            0.008317,            0.008317,            0.008317
                  53,             0.02661,           0.0086646,              0.0209,             0.78657,             0.98036,              0.9409,             0.69627,            0.015094,           0.0029033,           0.0079648,            0.008284,            0.008284,            0.008284
                  54,            0.028785,            0.008295,            0.026065,             0.79286,             0.99406,              0.9259,             0.67125,            0.015351,           0.0029418,           0.0078893,            0.008251,            0.008251,            0.008251
                  55,            0.025564,           0.0087955,            0.023929,             0.75058,             0.92698,             0.91717,             0.66018,            0.015502,           0.0030546,            0.010725,            0.008218,            0.008218,            0.008218
                  56,            0.027994,           0.0087901,            0.024509,             0.82788,             0.94827,             0.93401,             0.70921,            0.014045,           0.0029302,           0.0095819,            0.008185,            0.008185,            0.008185
                  57,            0.028071,           0.0086676,            0.024669,             0.82106,             0.97307,             0.93957,              0.6955,            0.016691,           0.0030266,           0.0077147,            0.008152,            0.008152,            0.008152
                  58,            0.028265,           0.0084138,            0.022823,             0.82869,             0.96995,             0.92782,             0.68863,            0.015858,           0.0031059,           0.0075603,            0.008119,            0.008119,            0.008119
                  59,             0.02542,            0.008449,            0.020741,             0.80763,             0.92059,             0.92804,             0.67691,            0.015348,           0.0030036,           0.0069504,            0.008086,            0.008086,            0.008086
                  60,            0.026135,           0.0091276,            0.021284,              0.8302,             0.94238,             0.94887,             0.72682,            0.015637,           0.0029935,           0.0069128,            0.008053,            0.008053,            0.008053
                  61,            0.027879,           0.0083069,            0.022285,              0.7474,             0.93775,             0.92881,             0.68495,            0.016132,           0.0029832,            0.008191,             0.00802,             0.00802,             0.00802
                  62,            0.026229,           0.0084029,            0.020273,             0.75556,             0.95978,             0.92433,             0.72179,             0.01339,           0.0028446,            0.008028,            0.007987,            0.007987,            0.007987
                  63,            0.027397,           0.0091064,            0.019587,             0.82476,             0.98447,             0.94604,             0.75025,             0.01362,           0.0029287,           0.0076518,            0.007954,            0.007954,            0.007954
                  64,            0.024115,           0.0088791,            0.018908,              0.8063,             0.96474,             0.94402,             0.65766,            0.017994,           0.0030408,           0.0061382,            0.007921,            0.007921,            0.007921
                  65,            0.025438,           0.0082194,            0.021155,             0.85456,             0.95119,             0.96052,             0.75198,            0.013338,           0.0029665,           0.0059289,            0.007888,            0.007888,            0.007888
                  66,            0.022331,           0.0077483,            0.014647,             0.86286,              0.9161,             0.96944,              0.7205,            0.016989,           0.0029135,           0.0065967,            0.007855,            0.007855,            0.007855
                  67,            0.026716,           0.0090809,            0.019821,             0.81028,             0.97109,             0.95638,             0.74943,            0.014288,           0.0029469,           0.0054955,            0.007822,            0.007822,            0.007822
                  68,            0.024149,           0.0082167,            0.018886,             0.88781,             0.94962,             0.96333,             0.75004,            0.014535,           0.0029184,           0.0046314,            0.007789,            0.007789,            0.007789
                  69,            0.025776,           0.0079477,            0.019266,             0.92579,             0.94991,             0.97212,             0.75121,            0.015039,           0.0029153,           0.0045792,            0.007756,            0.007756,            0.007756
                  70,            0.025818,           0.0072784,            0.019659,             0.88573,               0.948,             0.96981,             0.75212,            0.015352,           0.0029636,           0.0062121,            0.007723,            0.007723,            0.007723
                  71,            0.024379,            0.008287,             0.01769,             0.83575,             0.94875,             0.95306,             0.72029,             0.01677,           0.0030262,           0.0069686,             0.00769,             0.00769,             0.00769
                  72,            0.026219,           0.0087866,            0.020299,             0.82364,             0.91414,             0.93758,             0.71399,            0.015502,           0.0030327,           0.0060835,            0.007657,            0.007657,            0.007657
                  73,            0.022917,           0.0083226,            0.020882,             0.85597,             0.97647,             0.95051,             0.73782,            0.013202,           0.0029997,           0.0058522,            0.007624,            0.007624,            0.007624
                  74,            0.025283,           0.0080276,            0.017852,             0.83248,             0.93821,             0.94685,             0.68017,            0.015892,            0.002992,           0.0070504,            0.007591,            0.007591,            0.007591
                  75,            0.022856,           0.0076105,             0.01911,             0.83257,             0.96496,             0.96184,             0.74906,            0.014305,           0.0029312,           0.0066266,            0.007558,            0.007558,            0.007558
                  76,            0.025024,           0.0083943,            0.017828,             0.83501,             0.97655,             0.97278,             0.75879,            0.013266,           0.0028996,           0.0051321,            0.007525,            0.007525,            0.007525
                  77,            0.027988,           0.0085434,            0.020593,             0.88398,             0.95937,             0.97111,             0.74492,            0.015973,           0.0029203,           0.0048081,            0.007492,            0.007492,            0.007492
                  78,            0.024347,           0.0081088,            0.017825,             0.88462,             0.96667,             0.96913,             0.72007,            0.014728,            0.003116,           0.0047251,            0.007459,            0.007459,            0.007459
                  79,             0.02445,           0.0083639,            0.017666,             0.86802,             0.95141,             0.97431,             0.71449,            0.015577,           0.0030258,           0.0055682,            0.007426,            0.007426,            0.007426
                  80,            0.027828,           0.0085879,            0.020535,             0.89536,             0.94686,             0.98389,             0.73955,            0.016378,           0.0030827,           0.0063369,            0.007393,            0.007393,            0.007393
                  81,            0.026253,           0.0087447,            0.018905,             0.89828,             0.96896,             0.98389,             0.76057,            0.013214,           0.0029179,           0.0059911,             0.00736,             0.00736,             0.00736
                  82,            0.024113,           0.0073581,            0.020936,             0.83876,             0.90717,             0.97486,             0.74919,            0.014185,           0.0028352,           0.0079485,            0.007327,            0.007327,            0.007327
                  83,            0.024221,           0.0084536,            0.020282,             0.90096,             0.96274,             0.98667,              0.7833,            0.012719,           0.0028934,           0.0067306,            0.007294,            0.007294,            0.007294
                  84,            0.022384,           0.0069226,            0.018605,              0.9048,             0.97479,             0.98597,             0.77105,            0.014032,           0.0030334,           0.0043455,            0.007261,            0.007261,            0.007261
                  85,            0.023061,            0.008041,            0.016908,             0.91175,             0.97293,             0.98667,             0.75524,            0.013962,           0.0029929,            0.004344,            0.007228,            0.007228,            0.007228
                  86,            0.026002,           0.0081142,            0.018989,             0.92308,             0.97851,             0.98944,             0.77371,            0.014546,            0.003051,           0.0044952,            0.007195,            0.007195,            0.007195
                  87,            0.022041,           0.0084134,            0.018212,             0.92518,             0.97778,               0.995,             0.77206,            0.014776,           0.0031039,           0.0046652,            0.007162,            0.007162,            0.007162
                  88,            0.024967,           0.0085849,            0.016316,             0.94412,             0.99359,               0.995,             0.75734,            0.014647,            0.003027,           0.0029202,            0.007129,            0.007129,            0.007129
                  89,            0.023971,           0.0086257,            0.016638,             0.94608,             0.94622,             0.97042,              0.7317,            0.015152,           0.0028596,           0.0038607,            0.007096,            0.007096,            0.007096
                  90,            0.022823,           0.0085341,            0.015977,             0.94018,             0.94552,             0.97926,             0.75632,            0.014918,           0.0028349,           0.0041699,            0.007063,            0.007063,            0.007063
                  91,            0.024082,           0.0083771,            0.014602,             0.94266,             0.96667,             0.97808,             0.75167,            0.014407,           0.0028027,           0.0042941,             0.00703,             0.00703,             0.00703
                  92,             0.02476,           0.0086209,            0.018822,             0.94431,             0.97047,             0.98181,             0.78598,            0.012738,           0.0026812,           0.0038913,            0.006997,            0.006997,            0.006997
                  93,            0.024928,           0.0079399,            0.015517,             0.93707,             0.98333,             0.98429,             0.75679,            0.013915,           0.0027785,           0.0037836,            0.006964,            0.006964,            0.006964
                  94,            0.025783,           0.0077605,            0.016531,             0.95652,             0.97732,             0.99024,             0.75279,            0.014903,           0.0028897,           0.0027522,            0.006931,            0.006931,            0.006931
                  95,            0.021248,           0.0072781,            0.011616,             0.96802,             0.98739,               0.995,             0.77411,            0.015079,           0.0027832,           0.0024122,            0.006898,            0.006898,            0.006898
                  96,            0.023699,           0.0084948,            0.013861,             0.96038,              0.9675,             0.98111,             0.77904,            0.014504,            0.002826,           0.0037735,            0.006865,            0.006865,            0.006865
                  97,            0.024509,            0.007886,            0.015955,             0.97781,             0.97997,             0.98102,             0.76183,            0.013287,           0.0028265,           0.0028339,            0.006832,            0.006832,            0.006832
                  98,            0.022838,            0.007946,            0.014212,             0.97388,             0.98321,               0.995,             0.77193,            0.014397,           0.0028719,           0.0020895,            0.006799,            0.006799,            0.006799
                  99,            0.026395,           0.0087535,            0.016108,             0.97014,             0.97614,               0.995,              0.7871,            0.012404,           0.0028195,           0.0023005,            0.006766,            0.006766,            0.006766
                 100,            0.023032,           0.0077475,            0.013837,             0.94957,             0.98138,               0.995,             0.76073,            0.013762,            0.002841,           0.0025585,            0.006733,            0.006733,            0.006733
                 101,             0.02675,           0.0081915,             0.01707,             0.90901,             0.96356,             0.99024,              0.7728,            0.013791,           0.0027637,            0.003703,              0.0067,              0.0067,              0.0067
                 102,            0.024147,            0.008092,            0.015339,             0.94017,             0.94442,             0.98354,             0.75921,            0.013951,           0.0027803,           0.0053318,            0.006667,            0.006667,            0.006667
                 103,             0.02116,           0.0076042,            0.011924,              0.9526,             0.95756,             0.98389,             0.75234,             0.01313,           0.0027782,           0.0037309,            0.006634,            0.006634,            0.006634
                 104,            0.023354,           0.0078785,            0.014769,             0.97161,              0.9661,               0.995,             0.76891,            0.013676,            0.002856,           0.0026379,            0.006601,            0.006601,            0.006601
                 105,            0.022437,           0.0082863,            0.013449,             0.95294,             0.97126,             0.99222,             0.74175,            0.015422,           0.0029979,           0.0034104,            0.006568,            0.006568,            0.006568
                 106,            0.025737,           0.0075707,             0.01494,             0.96445,             0.98701,               0.995,             0.77191,            0.012887,           0.0028458,           0.0021958,            0.006535,            0.006535,            0.006535
                 107,            0.021718,           0.0078918,            0.014124,             0.96162,             0.97379,               0.995,             0.80215,            0.013124,           0.0028971,           0.0021026,            0.006502,            0.006502,            0.006502
                 108,            0.024692,            0.008235,            0.013329,             0.97548,             0.97945,             0.98272,             0.76409,            0.014386,           0.0029049,           0.0019829,            0.006469,            0.006469,            0.006469
                 109,            0.024947,           0.0082977,            0.017041,             0.97719,             0.98304,             0.98181,             0.75346,            0.013625,           0.0028633,            0.001877,            0.006436,            0.006436,            0.006436
                 110,            0.021016,           0.0075648,            0.010823,             0.97536,             0.97928,             0.98875,             0.78134,            0.014097,           0.0028492,           0.0017164,            0.006403,            0.006403,            0.006403
                 111,            0.022923,           0.0076477,             0.01447,             0.97929,             0.97563,               0.995,             0.78437,            0.012245,           0.0028175,           0.0020566,             0.00637,             0.00637,             0.00637
                 112,            0.021419,           0.0068682,            0.013991,             0.96876,             0.97561,             0.98474,             0.79593,            0.013251,           0.0027812,           0.0026469,            0.006337,            0.006337,            0.006337
                 113,            0.021549,           0.0074786,              0.0136,             0.96955,             0.98333,             0.98875,             0.80508,            0.012225,           0.0027495,           0.0026012,            0.006304,            0.006304,            0.006304
                 114,            0.022179,           0.0078852,            0.013741,             0.96245,             0.97676,               0.995,             0.77902,            0.013143,           0.0027874,           0.0030154,            0.006271,            0.006271,            0.006271
                 115,            0.021999,           0.0073002,            0.014203,             0.98366,             0.98663,               0.995,             0.74439,            0.013908,           0.0029492,           0.0016732,            0.006238,            0.006238,            0.006238
                 116,            0.023368,           0.0074737,            0.012853,             0.97705,             0.98705,               0.995,             0.78738,            0.012907,           0.0029514,           0.0015741,            0.006205,            0.006205,            0.006205
                 117,            0.019439,           0.0072601,            0.012958,             0.96926,             0.98873,               0.995,             0.77051,            0.014271,           0.0030221,           0.0016376,            0.006172,            0.006172,            0.006172
                 118,            0.022862,           0.0070391,            0.012348,              0.9645,             0.98333,             0.98875,              0.7616,            0.013733,           0.0029991,           0.0020068,            0.006139,            0.006139,            0.006139
                 119,            0.023461,           0.0077009,            0.015072,             0.96486,             0.98109,             0.98102,             0.76937,            0.013296,           0.0028972,            0.002562,            0.006106,            0.006106,            0.006106
                 120,            0.021994,           0.0077422,            0.010301,             0.97504,             0.98333,             0.99222,             0.76554,            0.014198,           0.0029256,           0.0018672,            0.006073,            0.006073,            0.006073
                 121,            0.025936,           0.0083885,            0.015389,             0.97694,             0.98812,               0.995,             0.78409,            0.013088,           0.0029088,           0.0012731,             0.00604,             0.00604,             0.00604
                 122,            0.024101,           0.0075694,            0.015701,             0.97204,              0.9776,               0.995,             0.79569,            0.012766,            0.002947,           0.0014774,            0.006007,            0.006007,            0.006007
                 123,            0.021889,           0.0075305,             0.01215,             0.97259,             0.98374,               0.995,             0.78799,             0.01358,           0.0027786,           0.0013547,            0.005974,            0.005974,            0.005974
                 124,            0.023041,           0.0085875,            0.013848,             0.96986,             0.98618,               0.995,             0.77713,            0.012403,           0.0028191,           0.0015088,            0.005941,            0.005941,            0.005941
                 125,            0.021284,           0.0070467,            0.013884,             0.96577,             0.97678,              0.9825,             0.78301,            0.012094,           0.0028518,           0.0019747,            0.005908,            0.005908,            0.005908
                 126,            0.023027,           0.0083172,            0.011966,             0.97369,             0.97505,             0.98429,             0.77933,            0.011535,           0.0028297,           0.0022081,            0.005875,            0.005875,            0.005875
                 127,            0.022481,           0.0077218,            0.012099,             0.97187,             0.97911,             0.98111,             0.79179,            0.011746,           0.0028099,           0.0024471,            0.005842,            0.005842,            0.005842
                 128,            0.021744,            0.007605,            0.011961,             0.95023,             0.96414,             0.98121,             0.78396,            0.012669,            0.003009,           0.0027045,            0.005809,            0.005809,            0.005809
                 129,            0.025244,            0.008296,            0.011904,             0.97251,             0.97475,              0.9796,              0.7708,             0.01264,           0.0030332,           0.0020996,            0.005776,            0.005776,            0.005776
                 130,            0.022576,           0.0078663,            0.012406,             0.96936,             0.96633,             0.98875,             0.79648,            0.011782,           0.0029141,           0.0023624,            0.005743,            0.005743,            0.005743
                 131,            0.020729,           0.0078646,            0.011838,             0.97155,             0.98103,               0.995,             0.77152,            0.011845,           0.0029892,           0.0019082,             0.00571,             0.00571,             0.00571
                 132,            0.022082,           0.0078045,            0.012252,             0.97464,               0.988,               0.995,             0.78349,            0.012118,           0.0028261,           0.0015701,            0.005677,            0.005677,            0.005677
                 133,             0.02249,           0.0073037,            0.013286,             0.97772,             0.97682,               0.995,              0.8008,            0.011813,           0.0027663,           0.0014965,            0.005644,            0.005644,            0.005644
                 134,            0.023433,           0.0078854,            0.011998,             0.94741,             0.96999,             0.99222,             0.74662,            0.015197,           0.0028632,           0.0025295,            0.005611,            0.005611,            0.005611
                 135,            0.022119,           0.0072124,            0.012475,             0.94661,             0.94537,             0.98468,             0.77807,            0.012468,           0.0027096,            0.003473,            0.005578,            0.005578,            0.005578
                 136,            0.019688,           0.0069894,            0.012259,             0.93943,             0.95997,             0.98204,             0.78597,            0.012563,           0.0026931,           0.0036046,            0.005545,            0.005545,            0.005545
                 137,            0.021741,           0.0071837,            0.011249,             0.98067,             0.98333,             0.98759,             0.77447,            0.012679,           0.0026957,           0.0021382,            0.005512,            0.005512,            0.005512
                 138,            0.019721,           0.0067772,           0.0096918,              0.9795,             0.98648,               0.995,             0.79194,            0.012383,           0.0026963,           0.0018156,            0.005479,            0.005479,            0.005479
                 139,            0.019143,           0.0072259,           0.0087411,             0.98546,               0.985,               0.995,             0.79801,            0.012626,           0.0027742,           0.0014206,            0.005446,            0.005446,            0.005446
                 140,            0.021779,           0.0074878,            0.013707,             0.98291,             0.98645,               0.995,              0.8012,            0.012492,           0.0028216,           0.0013182,            0.005413,            0.005413,            0.005413
                 141,            0.020305,           0.0071577,            0.011382,             0.97721,             0.98333,             0.99222,             0.78426,            0.013011,           0.0029255,           0.0011878,             0.00538,             0.00538,             0.00538
                 142,            0.023385,           0.0081482,             0.01327,             0.97786,             0.98333,             0.97949,             0.76889,            0.012034,           0.0029896,             0.00118,            0.005347,            0.005347,            0.005347
                 143,            0.018469,           0.0073141,           0.0074177,             0.97524,             0.98333,             0.97877,             0.76976,            0.012848,           0.0029725,           0.0012218,            0.005314,            0.005314,            0.005314
                 144,            0.020429,           0.0070757,           0.0083888,             0.97778,             0.98333,             0.97881,             0.78448,            0.012954,           0.0029123,           0.0012099,            0.005281,            0.005281,            0.005281
                 145,            0.019633,            0.007086,           0.0090176,             0.97707,             0.98333,             0.97958,             0.77464,            0.012994,           0.0030242,           0.0011907,            0.005248,            0.005248,            0.005248
                 146,            0.020019,           0.0077106,           0.0090999,             0.98098,             0.98333,             0.97954,             0.77414,            0.012289,           0.0029955,            0.001407,            0.005215,            0.005215,            0.005215
                 147,            0.023332,           0.0069976,           0.0098279,             0.98269,             0.98333,             0.97883,             0.78304,             0.01155,            0.002936,           0.0020661,            0.005182,            0.005182,            0.005182
                 148,            0.018658,           0.0072439,            0.010047,             0.97433,             0.98333,             0.97982,             0.77484,            0.012093,           0.0029415,           0.0017275,            0.005149,            0.005149,            0.005149
                 149,            0.019289,            0.006981,             0.01391,             0.97152,             0.98333,              0.9825,             0.79599,            0.012022,           0.0027956,           0.0016628,            0.005116,            0.005116,            0.005116
                 150,            0.019693,           0.0070644,           0.0099667,              0.9801,             0.98296,             0.98591,             0.79157,             0.01189,           0.0027802,           0.0014922,            0.005083,            0.005083,            0.005083
                 151,             0.02056,            0.006907,           0.0072064,             0.97581,             0.98333,             0.98875,             0.78822,            0.012637,           0.0028401,           0.0012987,             0.00505,             0.00505,             0.00505
                 152,            0.022067,           0.0072882,             0.01141,             0.97371,             0.98333,              0.9825,               0.803,            0.011699,           0.0028239,           0.0014296,            0.005017,            0.005017,            0.005017
                 153,            0.019698,           0.0072945,            0.010177,             0.97572,             0.98332,             0.98019,             0.77514,            0.012744,            0.002805,           0.0013962,            0.004984,            0.004984,            0.004984
                 154,            0.018653,           0.0073661,            0.013806,             0.97519,             0.98333,             0.97985,             0.80625,            0.011371,           0.0028573,           0.0013011,            0.004951,            0.004951,            0.004951
                 155,            0.019053,           0.0072565,            0.011123,             0.97625,             0.98333,             0.98037,              0.8014,            0.010985,           0.0028391,           0.0011985,            0.004918,            0.004918,            0.004918
                 156,            0.020964,           0.0075767,             0.01429,              0.9619,             0.98333,             0.98667,             0.81375,            0.011389,           0.0028033,           0.0011536,            0.004885,            0.004885,            0.004885
                 157,            0.018479,           0.0073464,           0.0079518,              0.9489,             0.97196,               0.995,             0.79675,            0.011432,            0.002806,           0.0025545,            0.004852,            0.004852,            0.004852
                 158,            0.020045,            0.007646,            0.011248,             0.94625,              0.9469,               0.995,             0.81233,            0.011442,           0.0027781,           0.0030318,            0.004819,            0.004819,            0.004819
                 159,            0.019488,           0.0074454,           0.0091811,             0.96302,             0.95128,               0.995,              0.8152,            0.010889,           0.0027755,           0.0019077,            0.004786,            0.004786,            0.004786
                 160,            0.020038,           0.0072771,           0.0097912,             0.98281,              0.9865,               0.995,             0.82199,            0.011645,            0.002808,           0.0010164,            0.004753,            0.004753,            0.004753
                 161,            0.017197,           0.0069329,           0.0072198,             0.97955,             0.98333,             0.99222,             0.81024,            0.011597,           0.0029173,          0.00095716,             0.00472,             0.00472,             0.00472
                 162,            0.020007,           0.0073106,           0.0080656,             0.97622,             0.98333,             0.98474,              0.7679,            0.012625,           0.0030125,          0.00098126,            0.004687,            0.004687,            0.004687
                 163,            0.018755,           0.0070736,           0.0086105,             0.97622,             0.98162,             0.97881,             0.78415,            0.012819,           0.0030639,           0.0010656,            0.004654,            0.004654,            0.004654
                 164,            0.020038,           0.0076805,           0.0098406,             0.97606,             0.98333,             0.97881,             0.78288,            0.012295,           0.0030878,           0.0012325,            0.004621,            0.004621,            0.004621
                 165,            0.018188,           0.0065139,           0.0068726,             0.96535,             0.98333,             0.97883,             0.78755,            0.012171,           0.0031145,           0.0016047,            0.004588,            0.004588,            0.004588
                 166,            0.018503,           0.0066193,           0.0076638,             0.95504,             0.98333,              0.9767,             0.77552,            0.012442,           0.0030894,           0.0014288,            0.004555,            0.004555,            0.004555
                 167,            0.017887,           0.0072194,           0.0081173,             0.98195,             0.98333,             0.97952,             0.80105,            0.011447,           0.0029814,            0.001286,            0.004522,            0.004522,            0.004522
                 168,            0.020294,           0.0070155,           0.0098311,             0.98244,             0.98333,             0.97954,             0.79222,             0.01174,           0.0030217,           0.0012943,            0.004489,            0.004489,            0.004489
                 169,            0.016199,           0.0066778,           0.0062929,             0.97862,             0.98333,             0.98389,              0.8095,            0.011613,           0.0029484,           0.0014998,            0.004456,            0.004456,            0.004456
                 170,            0.021107,           0.0072099,            0.010142,             0.97953,             0.98333,             0.98591,             0.80326,            0.011767,           0.0029163,           0.0016025,            0.004423,            0.004423,            0.004423
                 171,            0.020156,           0.0068736,           0.0070428,             0.97826,             0.98211,             0.98875,             0.79528,            0.011852,           0.0030645,             0.00137,             0.00439,             0.00439,             0.00439
                 172,            0.020882,           0.0073399,            0.010112,             0.96634,             0.97571,             0.98667,             0.78928,            0.011517,           0.0031551,           0.0011914,            0.004357,            0.004357,            0.004357
                 173,            0.018181,           0.0067226,           0.0072931,             0.97273,             0.97303,             0.99024,             0.79346,            0.012035,            0.002998,           0.0011532,            0.004324,            0.004324,            0.004324
                 174,            0.021355,           0.0071929,           0.0085341,             0.98011,             0.98333,             0.98667,             0.77831,             0.01199,           0.0029439,           0.0011835,            0.004291,            0.004291,            0.004291
                 175,            0.018024,           0.0069862,           0.0068105,             0.98074,             0.98226,             0.99222,             0.79819,            0.012106,            0.002774,           0.0012737,            0.004258,            0.004258,            0.004258
                 176,            0.017975,           0.0068971,           0.0081719,             0.97612,              0.9804,               0.995,             0.79199,              0.0125,           0.0027344,           0.0014652,            0.004225,            0.004225,            0.004225
                 177,            0.017925,           0.0067152,           0.0079142,             0.97254,             0.97425,             0.99222,             0.81692,            0.011092,           0.0026897,           0.0017618,            0.004192,            0.004192,            0.004192
                 178,            0.020128,           0.0074132,           0.0087706,             0.97529,              0.9726,             0.99222,             0.80631,             0.01168,           0.0027971,           0.0013616,            0.004159,            0.004159,            0.004159
                 179,            0.017026,           0.0066991,             0.01015,             0.97546,             0.97809,               0.995,             0.80663,            0.011505,           0.0027912,           0.0010014,            0.004126,            0.004126,            0.004126
                 180,            0.018823,           0.0069487,           0.0071557,             0.97694,             0.97761,             0.99024,             0.81959,            0.012171,           0.0028518,           0.0010064,            0.004093,            0.004093,            0.004093
                 181,            0.018073,           0.0076036,           0.0080907,             0.97801,             0.98313,             0.99222,             0.80769,            0.011068,           0.0027961,           0.0010102,             0.00406,             0.00406,             0.00406
                 182,            0.017357,           0.0065167,           0.0067281,             0.98121,             0.98643,               0.995,             0.80919,            0.011994,           0.0027664,           0.0011159,            0.004027,            0.004027,            0.004027
                 183,            0.019842,           0.0065713,           0.0096125,             0.98417,             0.97993,               0.995,             0.79916,            0.010951,           0.0027962,           0.0010065,            0.003994,            0.003994,            0.003994
                 184,            0.018685,           0.0069523,           0.0078034,              0.9844,              0.9768,             0.99222,             0.81213,            0.011098,            0.002838,          0.00085284,            0.003961,            0.003961,            0.003961
                 185,            0.018154,           0.0063466,            0.009541,             0.97956,             0.98333,             0.98759,              0.8011,            0.011473,           0.0028924,          0.00084822,            0.003928,            0.003928,            0.003928
                 186,            0.017129,           0.0064272,            0.006577,             0.96864,             0.97796,             0.98667,             0.80345,            0.011483,           0.0029617,           0.0010558,            0.003895,            0.003895,            0.003895
                 187,            0.016669,           0.0065715,           0.0088243,             0.96458,             0.96922,             0.99222,             0.79972,            0.011428,            0.002923,           0.0032665,            0.003862,            0.003862,            0.003862
                 188,            0.019182,           0.0068428,           0.0083664,             0.96578,             0.95017,             0.98759,              0.8007,            0.011855,           0.0029675,           0.0039423,            0.003829,            0.003829,            0.003829
                 189,            0.017702,           0.0068831,           0.0061786,             0.96496,             0.95029,             0.99222,              0.8075,            0.011516,           0.0029907,           0.0039617,            0.003796,            0.003796,            0.003796
                 190,            0.017187,           0.0066132,           0.0070814,             0.96862,             0.96871,             0.98759,             0.79145,            0.011943,           0.0030334,           0.0030289,            0.003763,            0.003763,            0.003763
                 191,            0.020204,           0.0069268,            0.010758,             0.96836,             0.97171,             0.99024,             0.80376,            0.011349,           0.0029687,           0.0016973,             0.00373,             0.00373,             0.00373
                 192,            0.018303,           0.0067242,           0.0060897,             0.97828,             0.98117,             0.98667,             0.79128,            0.011565,           0.0029643,          0.00085273,            0.003697,            0.003697,            0.003697
                 193,            0.017996,           0.0065928,           0.0072131,             0.97761,             0.98333,             0.97958,             0.77711,            0.011702,           0.0030007,          0.00092422,            0.003664,            0.003664,            0.003664
                 194,            0.017274,           0.0067178,           0.0073331,             0.97917,             0.98233,             0.97884,             0.79071,            0.011375,           0.0029903,           0.0010018,            0.003631,            0.003631,            0.003631
                 195,            0.017902,           0.0067052,           0.0070978,             0.98065,             0.98333,              0.9796,             0.78921,             0.01158,           0.0030191,          0.00093713,            0.003598,            0.003598,            0.003598
                 196,            0.017263,           0.0062128,           0.0054475,             0.98131,             0.97864,             0.98354,             0.78384,            0.011596,           0.0030896,          0.00091546,            0.003565,            0.003565,            0.003565
                 197,             0.01675,           0.0067111,           0.0044983,             0.97751,             0.98155,             0.98667,             0.78253,            0.011822,            0.003085,          0.00088863,            0.003532,            0.003532,            0.003532
                 198,            0.018629,           0.0069189,           0.0076433,             0.97843,             0.97973,             0.98528,             0.79519,             0.01111,           0.0030461,          0.00090687,            0.003499,            0.003499,            0.003499
                 199,            0.019882,           0.0064615,           0.0084374,             0.97898,             0.98333,             0.99222,             0.80279,            0.011026,           0.0030066,          0.00093763,            0.003466,            0.003466,            0.003466
                 200,            0.015739,           0.0066712,           0.0050275,             0.98141,             0.97917,             0.99024,              0.7984,            0.011508,             0.00302,          0.00088756,            0.003433,            0.003433,            0.003433
                 201,             0.01639,           0.0066719,           0.0077065,             0.98429,             0.97618,              0.9825,             0.79466,            0.011381,            0.003036,          0.00093012,              0.0034,              0.0034,              0.0034
                 202,            0.017779,           0.0068021,           0.0064599,             0.98373,             0.98333,             0.98528,             0.79149,            0.011809,           0.0032184,          0.00091356,            0.003367,            0.003367,            0.003367
                 203,            0.016896,           0.0061794,           0.0074787,             0.98409,             0.98333,             0.98014,             0.78839,            0.011489,           0.0032172,          0.00087043,            0.003334,            0.003334,            0.003334
                 204,             0.01406,           0.0063097,           0.0051692,             0.98259,             0.98333,             0.97964,              0.7877,            0.011266,            0.003185,           0.0012517,            0.003301,            0.003301,            0.003301
                 205,            0.016421,           0.0062987,           0.0057408,             0.98124,             0.98333,             0.97977,             0.78827,            0.011737,           0.0032368,           0.0012755,            0.003268,            0.003268,            0.003268
                 206,            0.016188,           0.0063163,           0.0059308,             0.98292,             0.98333,             0.97964,             0.79776,            0.011661,            0.003245,          0.00085205,            0.003235,            0.003235,            0.003235
                 207,            0.016815,           0.0066102,           0.0068674,             0.98617,             0.98333,             0.97886,             0.79123,            0.011567,           0.0032299,           0.0007861,            0.003202,            0.003202,            0.003202
                 208,            0.016547,           0.0065227,           0.0067242,             0.98695,             0.98333,             0.97882,             0.79162,            0.011715,           0.0032325,           0.0010085,            0.003169,            0.003169,            0.003169
                 209,            0.017666,           0.0066086,           0.0090521,             0.98663,             0.98333,             0.97952,             0.78495,            0.011587,           0.0031879,           0.0011498,            0.003136,            0.003136,            0.003136
                 210,            0.016019,           0.0063522,           0.0062102,             0.98694,             0.98333,             0.98667,             0.79509,            0.011601,           0.0031069,           0.0011792,            0.003103,            0.003103,            0.003103
                 211,            0.017646,           0.0063222,            0.007627,              0.9865,             0.98333,             0.99222,             0.79499,             0.01161,           0.0030849,           0.0012197,             0.00307,             0.00307,             0.00307
                 212,            0.016181,           0.0062481,           0.0075801,             0.98726,             0.98248,             0.99222,             0.80014,            0.011446,           0.0030073,           0.0010585,            0.003037,            0.003037,            0.003037
                 213,            0.017143,           0.0066134,           0.0069449,             0.98773,             0.98501,               0.995,             0.79469,            0.011403,           0.0030191,           0.0010414,            0.003004,            0.003004,            0.003004
                 214,            0.018431,           0.0066116,           0.0095872,             0.98763,             0.98493,               0.995,             0.80593,              0.0115,           0.0030115,           0.0010696,            0.002971,            0.002971,            0.002971
                 215,            0.017806,           0.0065137,            0.008579,             0.98543,             0.98333,             0.98759,             0.80772,             0.01128,            0.003015,            0.001155,            0.002938,            0.002938,            0.002938
                 216,            0.016911,           0.0065864,           0.0066303,              0.9829,             0.98333,             0.98429,             0.80044,            0.011344,           0.0029588,           0.0012131,            0.002905,            0.002905,            0.002905
                 217,            0.015659,           0.0062192,           0.0053737,             0.98096,             0.98333,             0.98042,             0.80034,            0.011214,           0.0029478,           0.0013241,            0.002872,            0.002872,            0.002872
                 218,            0.013625,           0.0061472,           0.0041001,             0.98045,             0.98333,             0.98591,             0.79775,            0.011204,           0.0029416,           0.0013953,            0.002839,            0.002839,            0.002839
                 219,             0.01708,            0.006064,           0.0051509,             0.98323,             0.98333,             0.98667,             0.79939,            0.010922,            0.002928,           0.0014496,            0.002806,            0.002806,            0.002806
                 220,            0.015959,           0.0062922,           0.0057046,             0.98637,             0.98333,             0.99024,             0.79561,            0.011386,           0.0029421,           0.0015853,            0.002773,            0.002773,            0.002773
                 221,            0.017202,            0.006634,           0.0067049,              0.9858,             0.98333,             0.99024,             0.78935,            0.011595,           0.0029773,           0.0014808,             0.00274,             0.00274,             0.00274
                 222,            0.015303,           0.0061016,           0.0042612,             0.98391,             0.98333,             0.99024,             0.79648,            0.011082,           0.0029845,           0.0015137,            0.002707,            0.002707,            0.002707
                 223,            0.015706,           0.0060727,           0.0046886,             0.98286,             0.98333,             0.98667,             0.79543,            0.011306,           0.0030311,            0.001566,            0.002674,            0.002674,            0.002674
                 224,            0.015139,           0.0058628,            0.004314,             0.98586,             0.98043,             0.98047,             0.79451,            0.011345,           0.0029972,            0.001917,            0.002641,            0.002641,            0.002641
                 225,            0.013959,           0.0066089,           0.0048394,             0.98594,             0.97948,             0.98324,             0.79906,            0.011307,           0.0030156,           0.0016594,            0.002608,            0.002608,            0.002608
                 226,            0.016622,           0.0063094,           0.0052089,             0.98262,             0.98002,             0.99222,             0.79647,            0.011373,           0.0030164,          0.00085005,            0.002575,            0.002575,            0.002575
                 227,             0.01484,           0.0064307,           0.0047649,             0.98346,             0.98591,               0.995,             0.82328,            0.010837,           0.0029899,          0.00067745,            0.002542,            0.002542,            0.002542
                 228,            0.013623,           0.0055398,           0.0049518,              0.9832,             0.98604,               0.995,             0.81139,            0.010778,           0.0029764,          0.00074075,            0.002509,            0.002509,            0.002509
                 229,            0.015679,           0.0059576,           0.0058017,              0.9836,             0.98409,               0.995,             0.81768,            0.010733,           0.0029883,          0.00066608,            0.002476,            0.002476,            0.002476
                 230,            0.014562,           0.0058392,           0.0042499,             0.98438,             0.98589,               0.995,             0.79984,            0.010811,           0.0029958,          0.00062857,            0.002443,            0.002443,            0.002443
                 231,             0.01526,           0.0055196,           0.0050109,             0.98454,             0.98576,               0.995,             0.81117,            0.010661,           0.0029879,          0.00063145,             0.00241,             0.00241,             0.00241
                 232,            0.017125,            0.005931,           0.0050653,             0.98483,              0.9856,               0.995,             0.80658,            0.010696,           0.0029839,          0.00068679,            0.002377,            0.002377,            0.002377
                 233,            0.015703,            0.005893,            0.006249,             0.98285,             0.98582,               0.995,             0.81398,            0.010505,           0.0029549,          0.00075105,            0.002344,            0.002344,            0.002344
                 234,            0.013291,           0.0056692,           0.0049376,             0.98025,             0.98623,               0.995,               0.816,             0.01065,           0.0029911,          0.00080498,            0.002311,            0.002311,            0.002311
                 235,            0.016022,            0.006017,           0.0073572,             0.97841,             0.98023,               0.995,             0.81315,            0.010953,           0.0030643,          0.00093631,            0.002278,            0.002278,            0.002278
                 236,            0.015981,           0.0062995,           0.0050871,             0.98473,             0.97961,               0.995,             0.81878,            0.010821,           0.0030703,          0.00082333,            0.002245,            0.002245,            0.002245
                 237,            0.015634,           0.0066906,           0.0062684,             0.98478,             0.98395,               0.995,             0.81841,            0.010766,           0.0031124,          0.00072169,            0.002212,            0.002212,            0.002212
                 238,             0.01534,           0.0059683,           0.0053951,             0.98503,             0.98367,               0.995,             0.82003,            0.010874,           0.0031774,           0.0006664,            0.002179,            0.002179,            0.002179
                 239,            0.015583,           0.0058639,           0.0044331,             0.98392,             0.98333,             0.99222,             0.81274,            0.011224,           0.0032088,          0.00062696,            0.002146,            0.002146,            0.002146
                 240,            0.013791,           0.0057224,           0.0042666,             0.98334,             0.98333,             0.98759,             0.79847,            0.011438,           0.0032402,          0.00069723,            0.002113,            0.002113,            0.002113
                 241,            0.015129,           0.0059531,           0.0070875,             0.98282,             0.98128,             0.99024,             0.80033,            0.011496,           0.0032228,          0.00086789,             0.00208,             0.00208,             0.00208
                 242,            0.014284,           0.0057645,           0.0055474,             0.98438,             0.98333,             0.98354,             0.79456,             0.01155,            0.003144,           0.0012824,            0.002047,            0.002047,            0.002047
                 243,            0.016385,            0.006377,            0.006084,              0.9866,             0.98333,             0.98324,             0.80208,            0.011275,             0.00305,           0.0013244,            0.002014,            0.002014,            0.002014
                 244,            0.014821,            0.006025,           0.0057093,             0.98784,             0.98333,             0.98528,             0.79618,            0.010972,           0.0030091,           0.0014073,            0.001981,            0.001981,            0.001981
                 245,            0.013213,           0.0055517,           0.0039459,             0.98746,             0.98278,             0.98528,             0.79024,            0.011295,           0.0030017,           0.0014208,            0.001948,            0.001948,            0.001948
                 246,              0.0149,           0.0059171,           0.0058978,             0.98752,             0.98333,             0.99024,             0.79331,            0.011042,           0.0030603,           0.0011028,            0.001915,            0.001915,            0.001915
                 247,             0.01625,           0.0059822,           0.0065795,             0.98788,             0.98333,             0.99222,             0.79631,            0.011257,           0.0031139,          0.00090898,            0.001882,            0.001882,            0.001882
                 248,            0.012906,           0.0057371,           0.0055799,             0.98785,             0.98333,             0.99222,             0.80537,            0.010947,           0.0030925,          0.00076282,            0.001849,            0.001849,            0.001849
                 249,            0.014126,           0.0055328,           0.0045122,             0.98648,             0.98333,             0.99222,              0.8088,             0.01082,           0.0030821,          0.00071678,            0.001816,            0.001816,            0.001816
                 250,            0.014157,           0.0058747,           0.0037292,             0.98613,             0.98333,             0.99222,             0.82177,            0.010734,           0.0031047,          0.00063765,            0.001783,            0.001783,            0.001783
                 251,            0.016332,           0.0061837,           0.0071502,              0.9857,             0.98333,             0.99024,             0.80925,            0.010821,            0.003152,          0.00058692,             0.00175,             0.00175,             0.00175
                 252,            0.015169,           0.0061965,           0.0053477,             0.98645,             0.98333,             0.98591,             0.81605,            0.010795,           0.0031799,           0.0005824,            0.001717,            0.001717,            0.001717
                 253,            0.014156,           0.0065351,           0.0043042,               0.986,             0.98195,             0.98591,             0.80925,            0.010743,           0.0031776,          0.00060419,            0.001684,            0.001684,            0.001684
                 254,            0.014063,           0.0059439,           0.0037308,             0.98476,              0.9825,             0.98131,             0.79649,             0.01093,           0.0031287,           0.0006521,            0.001651,            0.001651,            0.001651
                 255,            0.014185,           0.0060377,           0.0053554,             0.98491,             0.98333,             0.98071,             0.78966,             0.01105,           0.0031263,          0.00086866,            0.001618,            0.001618,            0.001618
                 256,            0.013735,           0.0057275,           0.0034541,             0.98392,             0.98333,             0.97964,             0.79431,            0.011038,           0.0031767,          0.00079536,            0.001585,            0.001585,            0.001585
                 257,            0.013971,           0.0060117,           0.0057241,             0.98228,             0.98333,             0.97958,             0.79483,            0.011099,           0.0031651,          0.00070893,            0.001552,            0.001552,            0.001552
                 258,            0.012932,           0.0054596,           0.0049898,             0.98046,             0.98333,             0.97958,             0.79079,            0.011109,           0.0031461,          0.00083742,            0.001519,            0.001519,            0.001519
                 259,            0.011785,           0.0057801,           0.0029619,             0.98237,             0.98333,             0.97962,             0.79971,            0.011084,           0.0031674,          0.00086984,            0.001486,            0.001486,            0.001486
                 260,            0.013188,           0.0055899,           0.0043787,             0.98264,             0.98333,             0.97964,             0.80336,            0.010956,           0.0031602,          0.00097826,            0.001453,            0.001453,            0.001453
                 261,            0.012878,           0.0057149,           0.0036039,             0.98277,             0.98333,             0.97997,             0.79496,            0.011079,           0.0031557,           0.0010447,             0.00142,             0.00142,             0.00142
                 262,            0.014662,           0.0059387,           0.0065172,             0.98283,             0.98333,             0.98272,             0.80003,            0.010942,           0.0031605,           0.0011598,            0.001387,            0.001387,            0.001387
                 263,            0.011897,           0.0053231,            0.002763,             0.98326,             0.98333,             0.98354,              0.7924,            0.011053,           0.0032101,           0.0012767,            0.001354,            0.001354,            0.001354
                 264,            0.013826,           0.0058749,            0.005506,             0.98501,             0.98333,             0.98354,              0.7874,            0.011159,            0.003269,           0.0011343,            0.001321,            0.001321,            0.001321
                 265,             0.01161,           0.0051405,           0.0032987,             0.98521,             0.98333,             0.98389,             0.79388,            0.011129,           0.0033129,          0.00089191,            0.001288,            0.001288,            0.001288
                 266,            0.013559,           0.0055412,           0.0065848,             0.98573,             0.98333,              0.9823,             0.79043,            0.011061,           0.0033007,           0.0007355,            0.001255,            0.001255,            0.001255
                 267,            0.013247,           0.0059961,           0.0044844,             0.98596,             0.98333,             0.98591,             0.79235,            0.011124,           0.0033053,          0.00062304,            0.001222,            0.001222,            0.001222
                 268,            0.013177,           0.0062111,           0.0026225,             0.98563,             0.98333,             0.98875,             0.79817,             0.01124,            0.003273,          0.00052614,            0.001189,            0.001189,            0.001189
                 269,            0.012544,           0.0053819,           0.0031976,             0.98561,             0.98333,             0.98759,             0.78854,            0.011347,           0.0032719,          0.00050864,            0.001156,            0.001156,            0.001156
                 270,            0.011219,           0.0053517,           0.0022989,             0.98589,             0.98333,             0.98759,             0.79911,              0.0112,           0.0032638,          0.00050052,            0.001123,            0.001123,            0.001123
                 271,            0.011578,           0.0057282,           0.0032722,             0.98596,             0.98333,             0.98875,             0.79508,            0.011216,           0.0032632,          0.00046636,             0.00109,             0.00109,             0.00109
                 272,            0.014155,           0.0061535,           0.0070435,              0.9864,             0.98333,             0.98875,             0.79319,            0.011352,           0.0032427,          0.00041533,            0.001057,            0.001057,            0.001057
                 273,            0.011568,            0.005088,           0.0030926,               0.987,             0.98333,             0.98875,             0.79622,            0.011242,           0.0032071,          0.00038896,            0.001024,            0.001024,            0.001024
                 274,            0.011432,           0.0053388,           0.0021559,             0.98716,             0.98333,             0.99222,             0.80414,            0.011029,            0.003156,          0.00039287,            0.000991,            0.000991,            0.000991
                 275,            0.011686,           0.0052903,           0.0022547,             0.98783,             0.98333,             0.99024,             0.80248,            0.011021,           0.0031398,          0.00037821,            0.000958,            0.000958,            0.000958
                 276,            0.012237,           0.0055155,            0.004637,             0.98796,             0.98333,             0.98591,             0.79288,            0.011123,           0.0031762,          0.00037124,            0.000925,            0.000925,            0.000925
                 277,            0.010777,           0.0052528,           0.0026284,             0.98826,             0.98289,             0.98272,             0.80147,            0.011011,             0.00318,          0.00036964,            0.000892,            0.000892,            0.000892
                 278,            0.011068,           0.0051369,           0.0035814,             0.98746,             0.98087,             0.98528,             0.79681,            0.011084,           0.0032076,           0.0003877,            0.000859,            0.000859,            0.000859
                 279,            0.013974,           0.0057354,            0.005478,             0.98828,             0.98079,             0.98591,             0.79853,            0.011295,           0.0032605,          0.00042011,            0.000826,            0.000826,            0.000826
                 280,            0.011174,           0.0047682,           0.0042159,             0.98892,             0.98248,             0.98591,              0.7925,            0.011312,           0.0032771,          0.00043495,            0.000793,            0.000793,            0.000793
                 281,             0.01236,           0.0053741,           0.0036579,               0.989,             0.98333,             0.98181,             0.78856,            0.011314,           0.0033346,          0.00041083,             0.00076,             0.00076,             0.00076
                 282,            0.011105,           0.0052139,           0.0024444,             0.98853,             0.98265,             0.98078,             0.78907,            0.011262,           0.0033774,          0.00038402,            0.000727,            0.000727,            0.000727
                 283,             0.01233,           0.0052202,             0.00331,               0.988,             0.98106,             0.98154,             0.78836,            0.011156,           0.0034117,          0.00037318,            0.000694,            0.000694,            0.000694
                 284,            0.011948,           0.0052688,           0.0029793,             0.98757,             0.98224,             0.98042,             0.78655,            0.011325,            0.003441,          0.00036885,            0.000661,            0.000661,            0.000661
                 285,            0.011501,            0.005392,           0.0027008,             0.98788,             0.98158,             0.98102,              0.7841,             0.01121,           0.0034053,           0.0003712,            0.000628,            0.000628,            0.000628
                 286,            0.012095,           0.0049509,           0.0038347,             0.98809,             0.98173,             0.98354,             0.78655,            0.011378,           0.0034162,           0.0003948,            0.000595,            0.000595,            0.000595
                 287,            0.011744,           0.0051835,           0.0052314,             0.98825,             0.98333,             0.98102,             0.78342,            0.011305,           0.0034062,          0.00038776,            0.000562,            0.000562,            0.000562
                 288,            0.012412,            0.005345,           0.0031617,             0.98766,             0.98333,             0.98142,             0.78351,            0.011236,           0.0033908,          0.00038115,            0.000529,            0.000529,            0.000529
                 289,            0.010885,           0.0048726,           0.0030716,              0.9877,             0.98333,             0.98094,             0.78824,            0.011226,           0.0033754,          0.00039445,            0.000496,            0.000496,            0.000496
                 290,             0.01024,           0.0052167,           0.0029961,             0.98763,             0.98333,             0.98142,             0.79043,            0.011206,           0.0033749,          0.00035233,            0.000463,            0.000463,            0.000463
                 291,            0.011667,           0.0057389,           0.0045518,             0.98729,             0.98333,             0.98324,             0.79342,            0.011112,           0.0033545,          0.00036814,             0.00043,             0.00043,             0.00043
                 292,            0.012137,           0.0052262,           0.0043828,             0.98699,             0.98333,             0.98196,             0.78936,            0.011135,           0.0033624,          0.00036185,            0.000397,            0.000397,            0.000397
                 293,            0.013069,           0.0052323,           0.0027847,             0.98706,             0.98333,             0.98154,             0.79201,            0.011115,           0.0033473,          0.00035452,            0.000364,            0.000364,            0.000364
                 294,            0.013416,           0.0055445,           0.0045315,             0.98728,             0.98333,             0.98429,             0.79234,            0.011113,           0.0033267,          0.00034764,            0.000331,            0.000331,            0.000331
                 295,            0.013509,           0.0058044,           0.0061324,             0.98739,             0.98333,             0.98591,             0.79488,            0.011067,           0.0033199,          0.00034316,            0.000298,            0.000298,            0.000298
                 296,            0.012223,           0.0049747,           0.0024079,             0.98753,             0.98333,             0.98591,             0.78968,            0.011024,           0.0033044,          0.00033519,            0.000265,            0.000265,            0.000265
                 297,            0.012086,           0.0056979,           0.0036966,             0.98742,             0.98333,             0.98591,             0.79846,            0.010926,           0.0032921,          0.00033558,            0.000232,            0.000232,            0.000232
                 298,            0.011731,           0.0049662,           0.0038871,             0.98757,             0.98333,             0.98759,              0.7981,            0.010965,           0.0033032,           0.0003525,            0.000199,            0.000199,            0.000199
                 299,            0.010144,           0.0049639,            0.002496,             0.98769,             0.98333,             0.99024,             0.79831,            0.010984,           0.0033138,          0.00036496,            0.000166,            0.000166,            0.000166
